title,console,date,year,month,day
>Observer_,1,2017-08-15,2017,8,15
THE KING OF FIGHTERS '97 GLOBAL MATCH,0,2018-04-03,2018,4,3
Far Cry New Dawn,1,2019-02-15,2019,2,15
Candle: The Power of the Flame,1,2018-07-25,2018,7,25
Planet of the Eyes,1,2017-09-19,2017,9,19
Dungeon of the Endless,0,2018-04-26,2018,4,26
Saints Row: The Third Remastered,1,2020-05-22,2020,5,22
ACA NEOGEO WAKU WAKU 7,1,2018-03-22,2018,3,22
Battle Chef Brigade Deluxe,0,2017-11-19,2017,11,19
The Ninja Saviors: Return of the Warriors,0,2019-10-15,2019,10,15
Airheart - Tales of broken Wings,1,2018-07-24,2018,7,24
Battlestar Galactica Deadlock,1,2017-12-08,2017,12,8
Northgard,1,2019-09-26,2019,9,26
Football Nation VR 2018,0,2017-11-10,2017,11,10
Dragon Star Varnir,0,2019-06-11,2019,6,11
At Sundown,1,2019-01-22,2019,1,22
The Sims™ 4 Tiny Living,1,2020-02-04,2020,2,4
Batman: The Enemy Within - Episode 3: Fractured Mask,1,2017-11-21,2017,11,21
Paranoia: Happiness is Mandatory,1,2019-10-03,2019,10,3
Azure Reflections,0,2018-05-15,2018,5,15
Tour de France Season 2019,1,2015-06-18,2015,6,18
The Persistence,0,2020-05-21,2020,5,21
Cat Quest II,0,2019-10-24,2019,10,24
The Princess Guide,0,2019-03-26,2019,3,26
"Penn & Teller VR: Frankly Unfair, Unkind, Unnecessary, & Underhanded",0,2019-07-09,2019,7,9
Tropico 6 ,1,2019-09-27,2019,9,27
Nelke & the Legendary Alchemists: Ateliers of the New World,0,2019-01-31,2019,1,31
Riddled Corpses EX,0,2018-06-06,2018,6,6
Transference ,1,2018-09-18,2018,9,18
RICO,1,2021-10-21,2021,10,21
That's You!,0,2017-06-29,2017,6,29
THE SHAPESHIFTING DETECTIVE,0,2018-11-06,2018,11,6
Omen of Sorrow,0,2021-09-15,2021,9,15
Inksplosion,1,2018-05-11,2018,5,11
NBA Live 19 The One Edition,1,2018-09-07,2018,9,7
Track Lab,0,2018-08-21,2018,8,21
HUE,0,2016-08-30,2016,8,30
Trover Saves the Universe,0,2019-05-31,2019,5,31
Songbringer,1,2017-09-05,2017,9,5
America's Greatest Game Shows: Wheel of Fortune & Jeopardy! ,1,2017-11-07,2017,11,7
Nickelodeon Kart Racers,1,2018-10-26,2018,10,26
TO THE TOP,0,2017-05-18,2017,5,18
1001 Spikes,0,2015-11-27,2015,11,27
Enter the Gungeon ,0,2017-04-05,2017,4,5
Fall Guys,0,2020-08-04,2020,8,4
Cobra Kai: The Karate Kid Saga Continues,1,2020-10-27,2020,10,27
Overcooked! 2,1,2019-10-17,2019,10,17
Fire Pro Wrestling World,0,2018-09-28,2018,9,28
Poop Slinger,0,2018-08-06,2018,8,6
Personality and Psychology Premium,0,2018-06-08,2018,6,8
MechaNika,0,2019-11-07,2019,11,7
Professional Farmer: American Dream,1,2020-05-06,2020,5,6
Hello Neighbor: Hide and Seek,1,2018-12-07,2018,12,7
ACA NEOGEO NINJA COMMANDO,1,2018-09-06,2018,9,6
Shadow of the Tomb Raider,1,2018-09-14,2018,9,14
YU-NO: A girl who chants love at the bound of this world.,0,2019-10-04,2019,10,4
Surviving the Aftermath,0,2021-11-16,2021,11,16
Energy Invasion,0,2018-01-10,2018,1,10
Ion Fury,0,2020-05-14,2020,5,14
The Walking Dead: A New Frontier,1,2016-12-20,2016,12,20
TOKYO CHRONOS,0,2019-08-26,2019,8,26
"Warhammer 40,000: Inquisitor - Martyr",1,2018-08-23,2018,8,23
WWE 2K18 Cena (Nuff) Edition,1,2017-10-17,2017,10,17
2MD VR Football,0,2018-05-08,2018,5,8
Yakuza: Kiwami 2,1,2020-07-29,2020,7,29
XIII,1,2012-09-28,2012,9,28
Asemblance: Oversight,1,2018-08-03,2018,8,3
The Golf Club 2019 Featuring the PGA Tour,1,2018-08-28,2018,8,28
INDIGO PROPHECY,0,2016-08-10,2016,8,10
Black Clover: Quartet Knights,0,2018-09-14,2018,9,14
Mutant Football League,0,2019-04-18,2019,4,18
Arcade Archives HAUNTED CASTLE,0,2016-12-01,2016,12,1
Persona 4: Dancing All Night,0,2018-12-04,2018,12,4
ACA NEOGEO CROSSED SWORDS,1,2018-08-23,2018,8,23
World of Warships Legends ,0,2019-08-12,2019,8,12
DOG GONE GOLFING,0,2018-08-14,2018,8,14
Azur Lane: Crosswave,0,2020-02-21,2020,2,21
Assassin's Creed Valhalla,1,2020-11-10,2020,11,10
Defiance 2050,0,2018-07-10,2018,7,10
Cooking Mama: Cookstar,0,2020-04-28,2020,4,28
The Sims™ 4 Realm of Magic,1,2019-10-15,2019,10,15
The Binding of Isaac: Afterbirth+,0,2017-06-30,2017,6,30
BLACKHOLE: Complete Edition,0,2017-08-08,2017,8,8
GALAK-Z,0,2017-02-23,2017,2,23
Maria The Witch,1,2018-10-09,2018,10,9
Lunar Stone: Origin of Blood,0,2016-11-18,2016,11,18
WWE 2K Battlegrounds,1,2020-09-18,2020,9,18
For Honor: Marching Fire Edition,1,2018-12-31,2018,12,31
NBA 2K19,1,2018-09-11,2018,9,11
Worse Than Death,0,2019-10-08,2019,10,8
SPARC,0,2017-08-29,2017,8,29
Children of Zodiarcs,0,2020-03-27,2020,3,27
Hitman: Game of the Year Edition,1,2017-11-07,2017,11,7
GUNGRAVE VR U.N,0,2018-12-11,2018,12,11
Xenon Valkyrie+,1,2018-02-20,2018,2,20
DiRT Rally 2.0,1,2019-02-26,2019,2,26
Voltron VR Chronicles,0,2017-09-26,2017,9,26
InnerSpace,1,2018-01-16,2018,1,16
World of Tanks,1,2010-08-12,2010,8,12
theHunter: Call of the Wild - 2019 Edition,1,2018-10-16,2018,10,16
Brigandine: The Legend of Runersia,0,2020-12-10,2020,12,10
R.B.I. Baseball 2018,1,1988-01-01,1988,1,1
Operation Warcade,0,2018-03-15,2018,3,15
ACA NEOGEO BURNING FIGHT,1,2017-09-28,2017,9,28
MX vs ATV All Out,1,2018-03-27,2018,3,27
911 Operator,1,2017-11-28,2017,11,28
Super Comboman: Smash Edition,0,2017-08-22,2017,8,22
DISSIDIA FINAL FANTASY NT,0,2019-03-12,2019,3,12
Bravo Team,0,2018-03-07,2018,3,7
Pathfinder: Kingmaker - Definitive Edition ,1,2020-08-18,2020,8,18
Don't Knock Twice,1,2017-09-05,2017,9,5
Monster Boy and the Cursed Kingdom,1,2018-12-04,2018,12,4
One More Dungeon,0,2018-08-01,2018,8,1
The Bridge,0,2013-02-22,2013,2,22
Home,0,2012-08-31,2012,8,31
River City Melee: Battle Royal Special,0,2017-04-28,2017,4,28
DIRT 5,1,2020-11-06,2020,11,6
PLAYERUNKNOWN'S BATTLEGROUNDS,0,2020-10-29,2020,10,29
DARK ECLIPSE,0,2018-09-25,2018,9,25
Home Run Derby VR,0,2018-04-26,2018,4,26
Hell Warders,0,2018-11-29,2018,11,29
Wandersong,0,2019-12-06,2019,12,6
Paper Beast,0,2020-03-24,2020,3,24
Iris.Fall,1,2021-01-07,2021,1,7
EA SPORTS™ MADDEN NFL 21 ÉDITION NXT LVL,1,2020-08-25,2020,8,25
Ultimate Chicken Horse,1,2017-12-15,2017,12,15
Immortal Redneck,1,2018-02-27,2018,2,27
Farming Simulator 19,1,2020-12-28,2020,12,28
ASSAULT GUNNERS HD EDITION,0,2018-03-20,2018,3,20
Whispering Willows,0,2015-08-28,2015,8,28
Bloodstained: Curse of the Moon,0,2018-06-06,2018,6,6
LA-MULANA 1 & 2,1,2012-07-12,2012,7,12
Truck Racing Championship,1,2019-07-18,2019,7,18
Skyworld,0,2019-03-26,2019,3,26
Zero Escape: Zero Time Dilemma,0,2017-12-31,2017,12,31
Kentucky Route Zero: TV Edition,1,2020-01-28,2020,1,28
SIMULACRA,0,2019-12-03,2019,12,3
Beholder 2,0,2020-04-09,2020,4,9
Lichtspeer: Double Speer Edition,0,2018-06-01,2018,6,1
Legendary Eleven,1,2021-06-30,2021,6,30
Jamestown+,0,2015-03-18,2015,3,18
World of Warships Legends: Firepower Deluxe Edition,1,2019-04-16,2019,4,16
Frane: Dragons' Odyssey,0,2019-04-05,2019,4,5
Game Tengoku CruisinMix,0,2017-11-30,2017,11,30
Fist of the North Star: Lost Paradise,0,2018-10-02,2018,10,2
de Blob,1,2018-02-27,2018,2,27
Night Trap - 25th Anniversary Edition,0,2017-08-15,2017,8,15
Damascus Gear: Operation Tokyo,0,2013-12-25,2013,12,25
Hunt: Showdown,1,2019-09-20,2019,9,20
Spiral Splatter,1,2018-03-13,2018,3,13
Risk of Rain,1,2019-08-30,2019,8,30
Rym 9000,0,2019-02-19,2019,2,19
Virry VR: Wild Encounters,0,2018-04-24,2018,4,24
Our World is Ended,0,2019-05-02,2019,5,2
Mercenaries Wings: The False Phoenix,0,2018-10-10,2018,10,10
The Sojourn,1,2019-09-20,2019,9,20
Greedfall,1,2019-09-10,2019,9,10
The Bard's Tale IV: Director's Cut,1,2019-08-27,2019,8,27
RiftStar Raiders,1,2018-02-28,2018,2,28
Monster Energy Supercross - The Official Videogame 2,1,2019-02-08,2019,2,8
Fast & Furious: Crossroads,1,2020-08-05,2020,8,5
Tom Clancy's The Division 2 ,1,2019-03-15,2019,3,15
Crossing Souls,0,2018-02-13,2018,2,13
Run Dorothy Run,0,2018-02-20,2018,2,20
Insane Robots,0,2018-07-10,2018,7,10
Afterparty,0,2019-10-29,2019,10,29
Marble Duel,0,2021-01-20,2021,1,20
Slayaway Camp: Butcher´s cut,0,2017-11-01,2017,11,1
Stranger Things 3: The Game,0,2019-07-04,2019,7,4
Les Sims™ 4 Escapade enneigée ,1,2014-09-02,2014,9,2
ACA NEOGEO SHOCK TROOPERS,1,2018-01-25,2018,1,25
SWORD ART ONLINE: FATAL BULLET,1,2018-02-18,2018,2,18
Art of Fighting Anthology ,0,2017-08-30,2017,8,30
Super Street: The Game,1,2018-09-11,2018,9,11
Kabounce,0,2018-05-29,2018,5,29
Runestone Keeper,0,2018-04-25,2018,4,25
FAIRY TAIL,0,2020-07-30,2020,7,30
Suicide Guy,0,2018-02-22,2018,2,22
Digimon Story: Cyber Sleuth - Hacker's Memory,0,2018-03-31,2018,3,31
Pixel Ripped 1989,0,2018-07-31,2018,7,31
R.B.I. Baseball '20,1,2020-03-17,2020,3,17
Overpass,1,2020-03-17,2020,3,17
1971 Project Helios,0,2020-06-09,2020,6,9
THE KING OF FIGHTERS 2000,0,2016-05-03,2016,5,3
ACA NEOGEO STREET HOOP,1,2017-11-09,2017,11,9
The Shapeshifting Detective,0,2018-11-06,2018,11,6
The Council - Episode 1 - The Mad Ones,1,2018-03-13,2018,3,13
BUTCHER,0,2017-05-10,2017,5,10
Madden NFL 19,1,2018-08-10,2018,8,10
Cyberpunk 2077,1,2020-12-10,2020,12,10
Everybody's Golf VR,0,2019-05-21,2019,5,21
Mortal Shell,1,2020-08-18,2020,8,18
Happy Drummer,0,2017-12-21,2017,12,21
Domino Craft VR,0,2016-12-21,2016,12,21
Streets of Rage 4,1,2020-06-25,2020,6,25
Runbow,0,2018-07-03,2018,7,3
Minecraft,0,2009-05-10,2009,5,10
Red Faction Guerrilla Re-Mars-tered,1,2018-07-03,2018,7,3
Tooth and Tail,0,2017-09-12,2017,9,12
Streets of Rogue,1,2019-07-12,2019,7,12
MINIT,0,2018-04-03,2018,4,3
Friday the 13th: The Game ,1,2017-05-26,2017,5,26
I Hate Running Backwards,1,2018-05-22,2018,5,22
Grab the Bottle,1,2016-12-19,2016,12,19
Hero Must Die. again,0,2020-02-26,2020,2,26
Phantom Doctrine,1,2018-08-14,2018,8,14
Devil May Cry 5,1,2019-03-08,2019,3,8
Forager,0,2019-07-31,2019,7,31
Antiquia Lost,0,2019-06-19,2019,6,19
LA-MULANA 1 & 2 Hidden Treasures Edition,1,2012-07-12,2012,7,12
MudRunner: A Spintires Game,1,2017-10-31,2017,10,31
Lapis x Labyrinth,0,2019-05-28,2019,5,28
BALAN WONDERWORLD,1,2021-03-26,2021,3,26
Dragon's Crown Pro,0,2018-05-15,2018,5,15
ACA NEOGEO POWER SPIKES II,1,2018-01-18,2018,1,18
Werewolf: The Apocalypse - Earthblood,1,2021-02-04,2021,2,4
Destiny 2: Beyond Light,1,2020-11-10,2020,11,10
Heroland,0,2020-01-31,2020,1,31
EVERSPACE™ Galactic Edition,0,2018-05-29,2018,5,29
Morphite,1,2017-09-20,2017,9,20
MY UNIVERSE - FASHION BOUTIQUE,0,2020-10-27,2020,10,27
SINNER: Sacrifice for Redemption,0,2018-10-18,2018,10,18
Road Redemption,0,2018-12-19,2018,12,19
Premium Pool Arena,1,2018-02-20,2018,2,20
Race Arcade,0,2017-08-04,2017,8,4
Danganronpa V3: Killing Harmony,0,2017-09-29,2017,9,29
Asterix & Obelix XXL 3 – The Crystal Menhir,1,2019-11-21,2019,11,21
"Guns, Gore and Cannoli 2",0,2018-08-09,2018,8,9
Scott Pilgrim vs. the World: The Game - Complete Edition,1,2021-01-14,2021,1,14
Watch Dogs Complete Edition,1,2015-08-26,2015,8,26
The Adventure Pals,1,2018-04-03,2018,4,3
Mutant Football League ,1,2019-04-18,2019,4,18
The Sims™ 4 Eco Lifestyle,1,2020-06-05,2020,6,5
Dreams,0,2020-02-14,2020,2,14
Bonds of the Skies,0,2019-06-26,2019,6,26
NARUTO TO BORUTO: SHINOBI STRIKER,1,2018-08-30,2018,8,30
Ashes Cricket,1,2017-11-16,2017,11,16
Ranch Planet,0,2018-06-15,2018,6,15
Splasher,1,2017-09-26,2017,9,26
MotoGP™18,1,2018-06-07,2018,6,7
Sniper Elite V2 Remastered,1,2019-05-14,2019,5,14
Sackboy: A Big Adventure,0,2020-11-19,2020,11,19
Tacoma,0,2017-08-02,2017,8,2
Street Fighter V: Champion Edition,0,2020-02-14,2020,2,14
Earth Atlantis,1,2018-06-01,2018,6,1
HIVE: Altenum Wars,0,2018-05-01,2018,5,1
Where are my friends?,1,2018-03-21,2018,3,21
Beholder Complete Edition,0,2018-02-02,2018,2,2
Killing Floor: Incursion,0,2018-05-01,2018,5,1
ACA NEOGEO METAL SLUG 4,1,2018-08-09,2018,8,9
Toto Temple Deluxe,0,2015-09-30,2015,9,30
Rocket Arena Mythic Edition,1,2020-07-14,2020,7,14
Oh...Sir! The Hollywood Roast!,1,2018-06-01,2018,6,1
Sakuna: Of Rice and Ruin,0,2020-11-12,2020,11,12
"Ys: Memories of Celceta ""Timeless Adventurer Edition""",0,2012-09-27,2012,9,27
Sparklite,1,2019-11-14,2019,11,14
PAW Patrol Mighty Pups Save Adventure Bay,1,2020-11-06,2020,11,6
The Path of Motus,0,2018-07-17,2018,7,17
My Universe - Cooking Star Restaurant,0,2020-11-10,2020,11,10
The Fisherman - Fishing Planet,1,2019-10-15,2019,10,15
Steven Universe: Save the Light,1,2017-12-19,2017,12,19
Salary Man Escape VR,0,2018-06-26,2018,6,26
NBA 2K18,1,2017-09-15,2017,9,15
Ninjin: Clash of Carrots,1,2018-09-04,2018,9,4
For The King,1,2018-04-19,2018,4,19
EarthNight,0,2019-12-03,2019,12,3
My Time at Portia,1,2019-04-16,2019,4,16
S.O.N,0,2019-03-28,2019,3,28
ACA NEOGEO BASEBALL STARS 2,0,2019-03-21,2019,3,21
The TakeOver,0,2021-05-20,2021,5,20
Destiny 2,1,2017-09-06,2017,9,6
Game Tengoku CruisinMix Special,0,2020-05-28,2020,5,28
Radial-G: Racing Revolved,0,2016-12-31,2016,12,31
Sakura Wars,0,2020-05-12,2020,5,12
Brawlout,0,2018-08-21,2018,8,21
The Wardrobe,0,2018-07-31,2018,7,31
Samurai Shodown,1,1993-07-07,1993,7,7
NHL 20,1,2019-09-13,2019,9,13
Outriders,1,2021-04-01,2021,4,1
The Crew 2,1,2018-06-29,2018,6,29
Little Nightmares II,1,2021-02-11,2021,2,11
Cluster Tumble,0,2018-04-30,2018,4,30
Hammerwatch,1,2017-12-20,2017,12,20
Yu-Gi-Oh! Legacy of the Duelist: Link Evolution,1,2020-03-24,2020,3,24
Persian Nights: Sands of Wonders,1,2018-08-17,2018,8,17
Hotline Miami 2: Wrong Number ,0,2015-03-10,2015,3,10
ACA NEOGEO SAMURAI SHODOWN IV,1,2018-04-19,2018,4,19
Fortnite: Darkfire Bundle,1,2017-09-26,2017,9,26
Sea of Solitude,1,2019-07-05,2019,7,5
Hello Neighbor,1,2018-07-27,2018,7,27
AER - Memories of Old,1,2017-10-25,2017,10,25
Guts and Glory,1,2017-02-15,2017,2,15
Mitch: Berry Challenge,0,2017-12-31,2017,12,31
Pop-Up Pilgrims,0,2018-02-13,2018,2,13
Onimusha: Warlords,1,2019-01-15,2019,1,15
Illusion of L'Phalcia,0,2019-07-03,2019,7,3
Future Unfolding,0,2017-05-16,2017,5,16
SnowRunner,1,2020-04-28,2020,4,28
Songbird Symphony,0,2019-07-25,2019,7,25
Hover,0,2015-04-06,2015,4,6
Shadows: Awakening,1,2018-09-04,2018,9,4
Desperados III,1,2020-06-16,2020,6,16
AI: The Somnium Files,0,2021-09-30,2021,9,30
Honor and Duty: D-Day,0,2019-02-26,2019,2,26
SHINY,0,2016-08-31,2016,8,31
Island Flight Simulator,0,2015-04-17,2015,4,17
Golden Force,1,2021-05-27,2021,5,27
Jak & Daxter The Precursor Legacy,0,2012-02-29,2012,2,29
OF MICE AND SAND -REVISED-,0,2018-04-03,2018,4,3
Baldur's Gate Enhanced Edition,1,2019-10-15,2019,10,15
Bridge Constructor Portal,1,2018-03-01,2018,3,1
Squareboy vs Bullies: Arena Edition,0,2017-12-06,2017,12,6
The Walking Dead: Season Two,1,2013-12-18,2013,12,18
Agony,1,2018-05-29,2018,5,29
Apex Legends - Lifeline Edition,1,2019-12-03,2019,12,3
Duck Game,0,2017-08-22,2017,8,22
Conan Exiles,1,2018-05-08,2018,5,8
Harvest Moon: One World,0,2021-09-28,2021,9,28
Song Of Memories,0,2019-02-01,2019,2,1
F1 2018,1,2018-08-24,2018,8,24
Castaway Paradise,1,2018-07-31,2018,7,31
RollerCoaster Tycoon Joyride,0,2018-12-13,2018,12,13
RIDE 3,1,2018-11-30,2018,11,30
Organ Trail Complete Edition,0,2015-10-20,2015,10,20
NASCAR Heat 3,1,2018-09-07,2018,9,7
"Sakuna: Of Rice and Ruin ""Divine Edition""",0,2020-11-10,2020,11,10
The Angry Birds Movie 2 VR: Under Pressure,0,2019-08-06,2019,8,6
8-Bit Hordes,1,2019-02-01,2019,2,1
Scribblenauts Showdown,1,2018-03-09,2018,3,9
18 Floors,0,2018-07-03,2018,7,3
Strange Brigade,1,2018-08-28,2018,8,28
Spike Volleyball,1,2019-02-05,2019,2,5
Hellblade: Senua's Sacrifice,0,2018-04-10,2018,4,10
Marenian Tavern Story: Patty and the Hungry God,0,2020-08-19,2020,8,19
Marvel's Spider-Man: Miles Morales,0,2020-11-12,2020,11,12
Let Them Come,1,2017-10-03,2017,10,3
Minecraft: Story Mode - Season Two - Episode 5: Above and Beyond,0,2017-12-19,2017,12,19
TOUHOU SKY ARENA MATSURI CLIMAX,0,2016-05-20,2016,5,20
AUDIOBEATS,0,2017-01-05,2017,1,5
The Walking Dead: The Final Season - Suffer The Children,1,2018-09-25,2018,9,25
What Remains of Edith Finch,0,2017-07-19,2017,7,19
Timespinner,0,2019-06-04,2019,6,4
Planescape Torment / Icewind Dale Enhanced Editions,1,2019-10-15,2019,10,15
Monstrum,1,2021-02-12,2021,2,12
Dungeons 3,1,2017-10-12,2017,10,12
Stikbold!,0,2016-04-08,2016,4,8
Days Gone,0,2019-04-26,2019,4,26
Thimbleweed Park,0,2017-08-22,2017,8,22
1979 Revolution: Black Friday,1,2018-08-03,2018,8,3
DRAGON BALL Z: KAKAROT,1,2020-01-17,2020,1,17
Destiny: Le Roi Des Corrompus,1,2017-02-23,2017,2,23
Dragooned,0,2011-07-06,2011,7,6
The Sims™ 4 Deluxe Party Pack,1,2014-09-02,2014,9,2
Defender's Quest: Valley of the Forgotten ,0,2012-01-20,2012,1,20
Always Sometimes Monsters,0,2014-05-20,2014,5,20
Generation Zero,1,2019-03-26,2019,3,26
HITMAN 3,1,2021-01-20,2021,1,20
DEAD OR ALIVE 6,1,2019-03-01,2019,3,1
The House in Fata Morgana,0,2019-06-11,2019,6,11
NBA Live 18,1,2017-09-15,2017,9,15
Real Farm,1,2017-10-20,2017,10,20
Rival Megagun,0,2018-11-29,2018,11,29
Paranormal Activity: The Lost Soul,0,2017-08-15,2017,8,15
Expand,0,2017-10-03,2017,10,3
ACA NEOGEO AGGRESSORS OF DARK KOMBAT,1,2018-09-13,2018,9,13
HomeStarVR for PlayStationVR,0,2018-05-01,2018,5,1
Fallen Legion: Flames of Rebellion,0,2017-12-12,2017,12,12
Dragon Quest XI: Echoes of an Elusive Age ,0,2018-09-04,2018,9,4
Life is Strange 2: Episode 1,1,2018-09-27,2018,9,27
Pix the Cat,0,2014-10-07,2014,10,7
Pillars of Eternity II Deadfire Ultimate Edition,1,2020-01-28,2020,1,28
Wolfenstein II: The New Colossus,1,2017-11-23,2017,11,23
Bomber Crew: Complete Edition,0,2017-10-19,2017,10,19
Red Faction,0,2017-08-28,2017,8,28
ACA NEOGEO BASEBALL STARS PROFESSIONAL,1,2018-05-17,2018,5,17
Sword & Fairy 6,0,2019-04-02,2019,4,2
ATV Drift & Tricks,1,2017-11-14,2017,11,14
VA-11 HALL-A: Cyberpunk Bartender Action,0,2019-05-02,2019,5,2
void tRrLM(); //Void Terrarium,0,2020-07-14,2020,7,14
Siralim 3,0,2019-03-29,2019,3,29
RollerCoaster Legends II: Thor's Hammer,0,2018-06-05,2018,6,5
Hyper Sentinel,1,2018-05-11,2018,5,11
Apex Legends - Octane Edition,1,2020-02-18,2020,2,18
"Slice, Dice & Rice",0,2018-02-14,2018,2,14
EVEREST VR,0,2016-08-02,2016,8,2
Call of Duty®: Black Ops 4,1,2010-11-09,2010,11,9
Costume Quest 2,0,2014-10-29,2014,10,29
Truck Driver,1,2013-10-01,2013,10,1
PGA TOUR 2K21,1,2020-08-21,2020,8,21
The Long Dark,1,2017-08-01,2017,8,1
Blaster Master Zero,0,2021-07-29,2021,7,29
NORTH,1,2016-04-27,2016,4,27
The Dark Pictures Anthology: Man of Medan,1,2019-08-30,2019,8,30
Remnant: From the Ashes,1,2019-08-20,2019,8,20
Accounting+,0,2016-10-18,2016,10,18
Sky Force Reloaded,0,2017-11-28,2017,11,28
Power Rangers: Battle for the Grid,0,2019-04-02,2019,4,2
Hopalong: The Badlands,0,2017-04-03,2017,4,3
Hellmut - The Badass From Hell TM,0,2018-03-13,2018,3,13
Dusk Diver,0,2019-10-29,2019,10,29
20XX,0,2018-07-10,2018,7,10
"Walden, a game",0,2021-07-02,2021,7,2
The Raven Remastered,1,2018-03-13,2018,3,13
Concrete Genie,0,2019-10-09,2019,10,9
Midnight Deluxe,0,2018-10-24,2018,10,24
Darkest Dungeon,1,2018-10-11,2018,10,11
Nine Parchments,1,2018-03-07,2018,3,7
The Spectrum Retreat,0,2018-07-13,2018,7,13
MARS ODYSSEY,0,2019-12-10,2019,12,10
Omega Strike ,1,2018-06-15,2018,6,15
Stellaris: Console Edition,1,2019-02-26,2019,2,26
Stunt Kite Masters VR,0,2017-05-29,2017,5,29
The Jackbox Party Pack 4,0,2017-10-17,2017,10,17
TerraTech,1,2018-08-14,2018,8,14
Dead Cells: Prisoner's Edition,0,2018-08-07,2018,8,7
Twin Robots,0,2017-10-10,2017,10,10
Street Power Football,1,2020-08-25,2020,8,25
Umihara Kawase Fresh!,0,2020-05-15,2020,5,15
The Sims™ 4 Snowy Escape,1,2020-11-13,2020,11,13
Scribblenauts Unlimited,1,2012-11-13,2012,11,13
Super Destronaut DX,1,2018-07-27,2018,7,27
Lost Sphear,0,2017-10-12,2017,10,12
Serious Sam Collection,1,2020-11-17,2020,11,17
All-Star Fruit Racing,1,2018-08-21,2018,8,21
Madden NFL 21,1,2020-08-28,2020,8,28
Wulverblade,0,2018-01-31,2018,1,31
Space Pirate Trainer,0,2018-11-27,2018,11,27
Tales of Vesperia: Definitive Edition,1,2019-01-11,2019,1,11
NEW GUNDAM BREAKER,0,2018-06-21,2018,6,21
Battle Princess Madelyn,0,2019-01-07,2019,1,7
Sid Meier's Civilization VI,1,2019-11-22,2019,11,22
Ultrawings,0,2017-07-20,2017,7,20
Astérix & Obélix XXL 2,1,1993-01-01,1993,1,1
NEKOPARA Vol.1,0,2014-12-29,2014,12,29
Tricky Towers,0,2017-09-15,2017,9,15
ToeJam & Earl: Back in the Groove!,0,2019-03-01,2019,3,1
Boiling Bolt,0,2017-12-05,2017,12,5
Corpse Killer,0,1995-08-25,1995,8,25
Two Point Hospital,1,2020-02-25,2020,2,25
Tony Hawk's Pro Skater 1 and 2,1,2021-03-26,2021,3,26
Marvel's Guardians of the Galaxy: The Telltale Series - Don't Stop Believin',1,2017-11-07,2017,11,7
Catch & Release,0,2018-08-19,2018,8,19
Ghost 1.0,1,2019-07-19,2019,7,19
Chaos on Deponia,1,2017-12-06,2017,12,6
DreamWorks Dragons Dawn of New Riders,1,2019-02-15,2019,2,15
Rad Rodgers,1,2018-02-21,2018,2,21
GALAK-Z: The Void,0,2017-02-23,2017,2,23
Word Search by POWGI,0,2018-08-07,2018,8,7
The Sims™ 4 Laundry Day Stuff,1,2018-08-14,2018,8,14
The Elder Scrolls Online: Greymoor,1,2020-06-09,2020,6,9
Surviving Mars,1,2018-03-15,2018,3,15
School Girl/Zombie Hunter,0,2017-11-17,2017,11,17
STAR WARS™ Episode I Racer,0,2020-10-27,2020,10,27
NIER REPLICANT VER.1.22474487139…,1,2021-04-22,2021,4,22
The Station,1,2017-07-31,2017,7,31
Hidden Dragon Legend,0,2017-09-19,2017,9,19
Air Missions: Hind,0,2018-09-25,2018,9,25
Zombie Army 4: Dead War,1,2020-02-04,2020,2,4
Dead by Daylight: Nightmare Edition,1,2019-12-06,2019,12,6
Blood & Truth,0,1997-03-07,1997,3,7
Marooners,1,2018-02-06,2018,2,6
Hunting Simulator 2,1,2020-06-25,2020,6,25
Effie,0,2021-02-19,2021,2,19
Little Witch Academia: Chamber of Time,0,2018-05-15,2018,5,15
MXGP PRO,1,2018-07-10,2018,7,10
DWVR,0,2016-12-15,2016,12,15
Jettomero: Hero of the Universe,1,2018-02-27,2018,2,27
The aquatic Adventure of the Last Human,1,2018-01-23,2018,1,23
Pure Farming 2018,1,2018-03-13,2018,3,13
Tetris Effect,0,2018-11-09,2018,11,9
Horizon Chase Turbo,0,2018-11-28,2018,11,28
TT Isle of Man,1,2020-03-19,2020,3,19
Mystik Belle ,0,2017-12-31,2017,12,31
Another Sight,0,2019-06-18,2019,6,18
Mega Man Zero/ZX Legacy Collection,1,2020-02-25,2020,2,25
Asdivine Kamura,0,2019-10-01,2019,10,1
Where the Water Tastes Like Wine,0,2019-11-29,2019,11,29
Let's Sing 2018,0,2017-10-20,2017,10,20
Railway Empire,1,2018-01-30,2018,1,30
ACA NEOGEO FOOTBALL FRENZY,1,2018-08-30,2018,8,30
Under Night In-Birth Exe:Late[cl-r],0,2020-02-21,2020,2,21
SUPER AMAZEBALLS,0,2017-05-16,2017,5,16
Rocketbirds: Hardboiled Chicken,0,2020-11-16,2020,11,16
DOOM Slayers Collection,1,2020-08-04,2020,8,4
Socketeer,1,2018-08-21,2018,8,21
My Little Riding Champion,1,2018-11-29,2018,11,29
Hellpoint,0,2020-07-30,2020,7,30
Demon's Tier+,0,2020-06-09,2020,6,9
Starbound,1,2016-07-21,2016,7,21
Creed: Rise to Glory,0,2018-09-25,2018,9,25
Deadbolt,0,2016-03-13,2016,3,13
Goosebumps Dead of Night,1,2020-06-29,2020,6,29
H1Z1: Battle Royale,0,2018-08-07,2018,8,7
Dollhouse,0,2019-05-24,2019,5,24
Jak X: Combat Racing,0,2017-12-06,2017,12,6
Jurassic World Evolution,1,2019-12-16,2019,12,16
F1 2020 Deluxe Schumacher Edition,1,2020-07-10,2020,7,10
Downwell,0,2016-05-24,2016,5,24
New Super Lucky's Tale,1,2020-08-21,2020,8,21
KINGDOM HEARTS Melody of Memory,0,2020-11-13,2020,11,13
Detective Gallo,0,2018-08-15,2018,8,15
Zengeon,0,2019-01-18,2019,1,18
Little Red Lie,0,2018-01-09,2018,1,9
Yoku's Island Express,1,2018-05-29,2018,5,29
State of Mind,1,2018-08-15,2018,8,15
Dakar 18,1,2018-09-28,2018,9,28
Dragon Fantasy: Volumes of Westeria,0,2019-05-21,2019,5,21
UnExplored,1,2018-09-30,2018,9,30
Infernium,0,2018-04-03,2018,4,3
Portal Of Evil,0,2021-03-05,2021,3,5
Atelier Ryza 2: Lost Legends & the Secret Fairy,0,2021-01-29,2021,1,29
Fossil Hunters,1,2018-06-28,2018,6,28
Arcade Archives THE NINJA WARRIORS,0,2017-09-07,2017,9,7
The Unknown City (Horror Begins Now.....Episode 1),0,2018-07-03,2018,7,3
Bus Simulator 21,1,2021-09-07,2021,9,7
Bus Simulator,1,2018-04-03,2018,4,3
Ni no Kuni II: REVENANT KINGDOM,0,2018-03-23,2018,3,23
Ninja Shodown,1,2017-10-06,2017,10,6
Void Bastards,1,2020-05-07,2020,5,7
Halloween Forever,0,2018-10-22,2018,10,22
Is It Wrong to Try to Pick Up Girls in a Dungeon? Infinite Combate,0,2020-08-07,2020,8,7
SNK HEROINES Tag Team Frenzy,0,2018-09-07,2018,9,7
Persona 5 Royal,0,2020-03-31,2020,3,31
Mutant Football League: Dynasty Edition,1,2018-10-30,2018,10,30
Knights of Pen and Paper +1 Deluxier Edition,0,2018-05-29,2018,5,29
Disintegration,1,2020-06-16,2020,6,16
Persona 5: Dancing in Starlight,0,2018-12-04,2018,12,4
Descenders,1,2019-05-07,2019,5,7
SENRAN KAGURA Peach Beach Splash,0,2017-09-26,2017,9,26
Neonwall,0,2018-09-13,2018,9,13
Bridge Constructor Portal ,1,2018-03-01,2018,3,1
The Awesome Adventures of Captain Spirit,0,2018-06-26,2018,6,26
Spirit Hunter: NG,0,2019-10-10,2019,10,10
2064: Read Only Memories,0,2017-01-17,2017,1,17
Those Who Remain,1,2020-05-15,2020,5,15
Fort Defense,0,2013-11-27,2013,11,27
ROBOTICS;NOTES DaSH,0,2020-10-16,2020,10,16
OVERKILL'S The Walking Dead,1,2018-11-06,2018,11,6
CarX Drift Racing Online,1,2017-07-07,2017,7,7
Trials of Mana,0,2020-04-24,2020,4,24
Heroine Anthem Zero Episode 1,0,2018-02-27,2018,2,27
Yakuza 3,0,2009-02-26,2009,2,26
Tin and Kuna ,1,2020-09-10,2020,9,10
Tesla vs Lovecraft,1,2018-03-14,2018,3,14
The Night Journey,0,2018-06-26,2018,6,26
MotoGP20,1,2014-06-20,2014,6,20
Need for Speed™ Payback,1,2017-11-10,2017,11,10
The Seven Deadly Sins  Knights of Britannia,0,2018-02-09,2018,2,9
Google Tilt Brush,0,2016-04-05,2016,4,5
Slide Stars,0,2020-11-10,2020,11,10
TOKI,1,1989-01-01,1989,1,1
MotoGP19,1,2019-06-27,2019,6,27
Pro Evolution Soccer 2019,1,2018-08-28,2018,8,28
Destiny Connect: Tick-Tock Travelers,0,2019-10-22,2019,10,22
The Walker,0,2012-02-16,2012,2,16
Mutant Year Zero: Road to Eden,1,2018-12-04,2018,12,4
The Sims™ 4 Bowling Night Stuff,1,2019-03-12,2019,3,12
Kill la Kill - IF,0,2019-07-26,2019,7,26
Apocalypse Rider,0,2018-08-23,2018,8,23
Deiland,0,2016-02-19,2016,2,19
Revolve,1,2017-10-10,2017,10,10
Capcom Beat 'em Up Bundle,1,2018-09-20,2018,9,20
UPPERS,0,2020-10-21,2020,10,21
Red Matter,0,2018-05-24,2018,5,24
Kingdom: New Lands,0,2016-08-09,2016,8,9
The Elder Scrolls Online: Elsweyr,1,2019-06-04,2019,6,4
Birdcakes,0,2018-05-29,2018,5,29
NBA Live 18: The ONE Edition,1,2017-09-15,2017,9,15
Strikers Edge,0,2018-01-30,2018,1,30
Perils of Baking,0,2018-08-16,2018,8,16
Labyrinth of Refrain: Coven of Dusk,0,2018-09-18,2018,9,18
Blaster Master Zero 2,0,2019-03-20,2019,3,20
ACE OF SEAFOOD,0,2017-11-14,2017,11,14
Ghost Parade,0,2020-10-14,2020,10,14
Arcade Archives OMEGA FIGHTER,0,2018-07-26,2018,7,26
ACA NEOGEO SPIN MASTER,1,2017-09-14,2017,9,14
Dark Legion,0,2018-06-15,2018,6,15
Dream Match Tennis VR,0,2018-07-10,2018,7,10
The Lost Child,0,2018-06-29,2018,6,29
Bunny Must Die! Chelsea and the 7devils.,0,2012-10-02,2012,10,2
Super Hydorah,1,2017-12-13,2017,12,13
Floor Kids,0,2018-11-27,2018,11,27
DayZ,1,2019-05-29,2019,5,29
Aragami: Shadow Edition,1,2018-06-05,2018,6,5
The Sims™ 4 Fitness Stuff,1,2019-03-12,2019,3,12
NHL 94 Rewind,1,2021-11-04,2021,11,4
Warhammer: Vermintide 2 - Deluxe Edition,1,2018-03-08,2018,3,8
Persona 3: Dancing in Moonlight,0,2018-12-04,2018,12,4
Slay the Spire ,1,2019-05-21,2019,5,21
Monster Slayers ,1,2018-05-18,2018,5,18
428: Shibuya Scramble,0,2018-09-21,2018,9,21
SPACE HULK,0,2013-08-15,2013,8,15
Unravel 2,1,2018-06-09,2018,6,9
Layers of Fear : Masterpiece Edition ,1,2016-08-02,2016,8,2
LocoRoco 2,0,2017-12-09,2017,12,9
State of Anarchy: Master of Mayhem,1,2018-08-01,2018,8,1
Yakuza 6: The Song of Life,0,2021-03-25,2021,3,25
Taxi Chaos,0,2021-02-23,2021,2,23
Shio,0,2017-05-04,2017,5,4
Metal Gear Survive,1,2018-02-22,2018,2,22
Neverending Nightmares,0,2016-05-03,2016,5,3
The Mummy Demastered,1,2017-10-24,2017,10,24
Frutakia 2,0,2017-09-21,2017,9,21
Ark Park,0,2018-03-22,2018,3,22
Blue Angels Aerobatic Flight Simulator,0,2017-11-28,2017,11,28
Return of the Obra Dinn,0,2019-10-18,2019,10,18
Bud Spencer & Terence Hill - Slaps And Beans,1,2018-07-24,2018,7,24
Casey Powell Lacrosse 18,1,2018-04-25,2018,4,25
MediEvil,0,1998-10-01,1998,10,1
THE INVISIBLE HOURS,0,2017-10-10,2017,10,10
The Evil Within 2,1,2017-10-13,2017,10,13
PixelJunk Monsters 2,0,2018-05-24,2018,5,24
Jak II,0,2012-02-29,2012,2,29
It's Quiz Time,1,2017-12-15,2017,12,15
Apex Legends - Bloodhound Edition,1,2019-12-03,2019,12,3
BRIKS 2,0,2018-01-05,2018,1,5
SAMURAI SHODOWN NEOGEO COLLECTION,0,2020-07-28,2020,7,28
Sayonara Wild Hearts,0,2020-02-25,2020,2,25
Aces of the Luftwaffe - Squadron,1,2018-07-24,2018,7,24
Monster Jam Steel Titans 2,1,2021-03-02,2021,3,2
COMMANDOS 2 & PRAETORIANS: HD REMASTER DOUBLE PACK,1,2020-01-23,2020,1,23
Cities: Skylines Parklife Edition,1,2018-05-24,2018,5,24
The Caligula Effect: Overdose,0,2019-03-22,2019,3,22
Ancestors Legacy,0,2019-08-13,2019,8,13
Super Mutant Alien Assault,0,2016-07-12,2016,7,12
ACA NEOGEO SAMURAI SHODOWN II,1,2017-09-21,2017,9,21
Claire: Extended Cut,0,2016-06-09,2016,6,9
ACA NEOGEO SAMURAI SHODOWN III,1,2018-02-01,2018,2,1
Okami HD,1,2012-11-01,2012,11,1
The Swords of Ditto,0,2018-04-24,2018,4,24
Timothy vs the Aliens,0,2021-12-03,2021,12,3
Arca's Path,0,2018-12-04,2018,12,4
AO Tennis 2,1,2020-02-11,2020,2,11
Fast Striker,0,2018-10-17,2018,10,17
Terminator: Resistance,1,2019-11-15,2019,11,15
Watch Dogs Legion ,1,2020-10-29,2020,10,29
Serial Cleaner,0,2017-07-14,2017,7,14
Dust: An Elysian Tail,0,2012-08-15,2012,8,15
Rogue Legacy,0,2015-05-27,2015,5,27
Nex Machina,0,2017-06-20,2017,6,20
War Theatre,0,2020-04-23,2020,4,23
eFootball PES 2021 Season Update,1,2020-09-15,2020,9,15
Battlefield V,1,2019-09-25,2019,9,25
Rangi,0,2017-08-03,2017,8,3
My Memory of Us,0,2018-10-10,2018,10,10
Story of a Gladiator,0,2019-11-27,2019,11,27
Mecho Wars: Desert Ashes,0,2020-05-08,2020,5,8
Plants vs. Zombies Battle for Neighborville,1,2019-10-18,2019,10,18
Narcosis,0,2018-07-24,2018,7,24
Fishing Planet,0,2017-08-29,2017,8,29
The Sinking City,1,2019-06-27,2019,6,27
We Happy Few,1,2018-08-09,2018,8,9
Blacksad: Under the Skin,1,2019-11-05,2019,11,5
Tamashii,0,2019-12-17,2019,12,17
Kingdoms of Amalur: Re-Reckoning,1,2020-09-08,2020,9,8
Kero Blaster,0,2017-04-11,2017,4,11
Spirit of the North,0,2019-11-13,2019,11,13
Dynasty Feud,0,2017-12-14,2017,12,14
Maneater,1,2020-05-22,2020,5,22
Zanki Zero: Last Beginning,0,2019-04-10,2019,4,10
Spacejacked,0,2020-06-12,2020,6,12
HAJWALA,0,2018-06-26,2018,6,26
Atelier Ryza: Ever Darkness & the Secret Hideout,0,2019-11-01,2019,11,1
VirtuGO,0,2017-09-08,2017,9,8
DATE A LIVE: RIO-REINCARNATION,0,2018-10-01,2018,10,1
WRC 7 FIA World Rally Championship,1,2017-09-13,2017,9,13
SteamWorld Dig 2,0,2018-11-21,2018,11,21
Illusion: A Tale of the Mind,0,2018-06-01,2018,6,1
Fortnite - The Last Laugh Bundle,1,2020-12-04,2020,12,4
Still Time,0,2017-08-29,2017,8,29
Monochrome Order,0,2019-11-05,2019,11,5
Hex Tunnel,0,2018-03-06,2018,3,6
Dynasty Warriors 9 Special Weapon Edition ,1,2018-02-08,2018,2,8
ACA NEOGEO GAROU: MARK OF THE WOLVES,1,2019-03-28,2019,3,28
The Sims™ 4 My First Pet Stuff Pack,1,2018-03-13,2018,3,13
Nightmare Boy,1,2017-10-25,2017,10,25
Fuser,1,2020-11-10,2020,11,10
The Wonderful 101: Remastered,0,2020-05-22,2020,5,22
Wreckfest,1,2019-08-27,2019,8,27
Extinction,1,2018-04-10,2018,4,10
Red Dead Online,1,2020-12-01,2020,12,1
Bladed Fury,1,2021-03-24,2021,3,24
Super Skull Smash GO! 2 Turbo,0,2018-07-17,2018,7,17
Surf World Series,1,2017-08-30,2017,8,30
Atelier Lydie and Suelle: The Alchemists and the Mysterious Paintings,0,2017-12-21,2017,12,21
Mahjong Carnival,0,2015-09-21,2015,9,21
Ancestors: The Humankind Odyssey,1,2019-12-06,2019,12,6
Mystik Belle,1,2017-12-31,2017,12,31
Contra Anniversary Collection,1,2019-06-11,2019,6,11
Project Highrise - Architect's Edition,1,2018-11-13,2018,11,13
INK,1,2015-08-05,2015,8,5
GAROU: MARK OF THE WOLVES™,0,2015-02-15,2015,2,15
The Witch and the Hundred Knight 2,0,2018-04-06,2018,4,6
SUPERHOT: MIND CONTROL DELETE,1,2020-07-16,2020,7,16
Guilt Battle Arena,0,2018-02-14,2018,2,14
WRC 9 FIA World Rally Championship,1,2020-09-04,2020,9,4
Gate Of Doom,0,2018-08-28,2018,8,28
BlazBlue: Cross Tag Battle,0,2018-06-22,2018,6,22
MXGP2019 - The Official Motocross Videogame,1,2016-04-07,2016,4,7
Detroit: Become Human,0,2018-05-25,2018,5,25
Growtopia ,0,2019-07-18,2019,7,18
Tharsis,0,2016-01-12,2016,1,12
Mahjong Gold,0,2018-03-14,2018,3,14
Destiny 2: Shadowkeep,1,2019-10-01,2019,10,1
Anodyne,1,2018-09-21,2018,9,21
Construction Simulator 2 Console Edition,1,2018-12-09,2018,12,9
Mad Rat Dead,0,2020-10-30,2020,10,30
The Survivalists,1,2020-10-09,2020,10,9
Just In Time Incorporated,0,2017-07-27,2017,7,27
Yaga,0,2019-11-12,2019,11,12
Caveman Warriors,1,2017-09-21,2017,9,21
NHL 18,1,2017-09-15,2017,9,15
Reel Fishing: Road Trip Adventure,0,2019-09-17,2019,9,17
ACA NEOGEO KARNOV'S REVENGE,1,2017-11-15,2017,11,15
Symmetry,0,2018-03-06,2018,3,6
One Piece World Seeker,1,2019-03-15,2019,3,15
Tanuki Justice,0,2021-06-30,2021,6,30
Animal Super Squad,1,2019-02-01,2019,2,1
RICK AND MORTY: VIRTUAL RICK-ALITY,0,2017-04-20,2017,4,20
Disgaea 1 Complete,0,2018-07-26,2018,7,26
Monster Energy Supercross - The Official Videogame 4,1,2021-03-08,2021,3,8
TERA,1,2018-04-03,2018,4,3
Risk of Rain 2,1,2019-08-30,2019,8,30
Neptunia Virtual Stars,0,2021-03-02,2021,3,2
ACA NEOGEO THE KING OF FIGHTERS '98,1,2017-01-11,2017,1,11
Remothered: Tormented Fathers,1,2018-07-25,2018,7,25
ACA NEOGEO STAKES WINNER,1,2018-05-02,2018,5,2
Konrad the Kitten,0,2018-02-23,2018,2,23
Speed Brawl,1,2018-09-18,2018,9,18
Maid of Sker,1,2020-07-28,2020,7,28
Tales from the Borderlands,1,2014-12-03,2014,12,3
Sekiro™: Shadows Die Twice,1,2019-03-22,2019,3,22
Grave Danger,0,2016-12-19,2016,12,19
Grim Fandango Remastered,0,2020-10-29,2020,10,29
Wasteland 3,1,2020-08-28,2020,8,28
Borderlands Game of the Year,1,2019-04-03,2019,4,3
OK K.O.! Let's Play Heroes,1,2018-01-23,2018,1,23
NBA 2K21,1,2020-09-04,2020,9,4
Fate/EXTELLA LINK,0,2019-03-22,2019,3,22
Los Sims™ 4 Star Wars™: Viaje a Batuu ,1,2020-09-08,2020,9,8
ToeJam and Earl: Back in the Groove,0,2019-03-01,2019,3,1
ACA NEOGEO SENGOKU 3,1,2018-03-29,2018,3,29
Anamorphine,0,2018-07-31,2018,7,31
Shape of the World,0,2018-06-05,2018,6,5
WWE 2K20,1,2019-10-22,2019,10,22
Astroneer,1,2019-11-15,2019,11,15
HEX: Card Clash,0,2016-01-26,2016,1,26
Mugsters,1,2018-07-17,2018,7,17
UFC 4,1,2020-08-14,2020,8,14
Samurai Shodown V Special ,0,2017-09-12,2017,9,12
Ys VIII: Lacrimosa of Dana,0,2017-09-15,2017,9,15
Aggelos,0,2019-07-12,2019,7,12
Wonder Boy: The Dragon's Trap,0,2017-04-18,2017,4,18
Atari Flashback Classics Volume 3,1,2018-12-13,2018,12,13
Gunducky Industries,0,2021-04-28,2021,4,28
Earth Defense Force 5,0,2018-12-11,2018,12,11
Family Feud,1,1991-05-01,1991,5,1
Dead Age,1,2018-09-07,2018,9,7
Borderlands 3,1,2019-09-13,2019,9,13
Metal Wolf Chaos XD,1,2019-08-06,2019,8,6
Five Nights at Freddy's: Core Collection,1,2021-01-12,2021,1,12
NBA LIVE 20,1,2005-09-26,2005,9,26
Way of Redemption,0,2017-11-07,2017,11,7
Trine 4: The Nightmare Prince,1,2019-10-08,2019,10,8
Pixel Gear,0,2016-10-20,2016,10,20
R.B.I. Baseball 19,1,2019-03-05,2019,3,5
Moving Out,1,2020-05-12,2020,5,12
Puyo Puyo Tetris 2,1,2020-12-08,2020,12,8
The Walking Dead: The Final Season,1,2018-08-14,2018,8,14
Titan Quest,1,2006-06-26,2006,6,26
Drive On Moscow,1,2018-05-04,2018,5,4
Asdivine Hearts II,0,2019-01-15,2019,1,15
Dragon Quest XI S: Echoes of an Elusive Age - Definitive Edition,1,2020-12-04,2020,12,4
Dandara,1,2018-02-06,2018,2,6
Punch Line ,0,2018-10-09,2018,10,9
Bleed 2,1,2018-02-09,2018,2,9
Yomawari: Midnight Shadows,0,2017-10-24,2017,10,24
Valfaris,0,2019-11-05,2019,11,5
Bugsnax,0,2020-11-12,2020,11,12
Nights of Azure 2: Bride of the New Moon,0,2017-10-24,2017,10,24
The Journey Down: Chapter Two,1,2014-08-25,2014,8,25
Journey Collector's Edition,0,2015-09-29,2015,9,29
The Sims™ 4 Jungle Adventure,1,2018-12-04,2018,12,4
FORGOTTON ANNE,1,2018-05-15,2018,5,15
Shovel Knight: Treasure Trove,1,2015-04-29,2015,4,29
My Friend Pedro ,0,2020-04-02,2020,4,2
NASCAR Heat 2,1,2017-09-12,2017,9,12
WILL: A Wonderful World,0,2017-06-06,2017,6,6
DOOM Eternal,1,2020-03-20,2020,3,20
ACA NEOGEO SOCCER BRAWL,1,2017-11-22,2017,11,22
One Piece: Grand Cruise,0,2018-05-21,2018,5,21
Professor  Rubik's Brain Fitness,1,2020-11-24,2020,11,24
Spectrum,1,2018-08-22,2018,8,22
Raw Data,0,2016-07-14,2016,7,14
INFERNO CLIMBER: REBORN,0,2019-03-28,2019,3,28
Tyr: Chains of Valhalla,0,2018-05-08,2018,5,8
Crisis on the Planet of the Apes,0,2018-04-02,2018,4,2
Timber Tennis Versus,0,2018-11-08,2018,11,8
YIIK: A Postmodern RPG,0,2019-01-17,2019,1,17
Megadimension Neptunia VIIR,0,2018-05-11,2018,5,11
Jumanji The Video Game,1,2019-11-08,2019,11,8
Splash Blast Panic,0,2019-10-24,2019,10,24
Apex Legends,1,2019-02-04,2019,2,4
Laws of Machine,0,2018-01-25,2018,1,25
Psyvariar Delta,1,2019-07-02,2019,7,2
Everspace: Stellar Edition,1,2017-05-25,2017,5,25
Gnomes Garden 2,1,2018-11-14,2018,11,14
Chariot,0,2014-09-30,2014,9,30
Sea of Memories,0,2018-06-01,2018,6,1
Los Sims™ 4,1,2014-09-02,2014,9,2
FIFA 21,1,2020-10-06,2020,10,6
Hitman: Definitive Edition,1,2016-02-23,2016,2,23
3D Billiards,0,2017-12-19,2017,12,19
The Exorcist: Legion VR,0,2018-06-19,2018,6,19
Moss,0,2018-02-27,2018,2,27
RIOT - Civil Unrest,0,2019-02-06,2019,2,6
Wraith,0,2017-10-15,2017,10,15
Spelunky,0,2012-07-04,2012,7,4
Get Over Here,0,2018-09-11,2018,9,11
Guns of Icarus Alliance,0,2018-05-01,2018,5,1
Don't Bite Me Bro!,0,2018-03-20,2018,3,20
Glass Masquerade,0,2019-02-08,2019,2,8
GUNGRAVE VR,0,2018-12-11,2018,12,11
Call of Duty®: Modern Warfare®,1,2007-11-05,2007,11,5
EA SPORTS™ FIFA 21 NXT LEVEL EDITION,1,2020-10-06,2020,10,6
The Sims™ 4 Movie Hangout Stuff,1,2019-02-19,2019,2,19
The Occupation,1,2019-03-05,2019,3,5
Sundered: Eldritch Edition,0,2018-12-21,2018,12,21
Resident Evil 2,1,2019-01-25,2019,1,25
Impact Winter,1,2018-04-05,2018,4,5
Gnomes Garden 3: The thief of castles,1,2018-07-25,2018,7,25
RPG Maker MV,1,2020-09-11,2020,9,11
Trials Rising,1,2019-02-26,2019,2,26
Crash Bandicoot™ 4: It's About Time,1,2020-10-02,2020,10,2
Factotum 90,0,2017-10-03,2017,10,3
Pankapu,1,2017-09-20,2017,9,20
Neverwinter Nights Enhanced Edition,1,2019-12-03,2019,12,3
Outward,1,2019-03-26,2019,3,26
Laser League,1,2018-05-10,2018,5,10
Ghost of Tsushima,0,2020-07-17,2020,7,17
Grim Legends 3: The Dark City,1,2018-05-10,2018,5,10
HackyZack,0,2019-02-13,2019,2,13
VROOM KABOOM,0,2018-08-14,2018,8,14
Dark Quest 2,0,2019-04-17,2019,4,17
Celeste,1,2018-01-26,2018,1,26
The Walking Dead Onslaught,0,2020-09-29,2020,9,29
Gene Rain,1,2018-07-17,2018,7,17
PixelJunk VR™ Dead Hungry,0,2017-10-25,2017,10,25
Streets of Red : Devil's Dare Deluxe,0,2019-02-21,2019,2,21
The Sims™ 4 Spooky Stuff,1,2018-10-02,2018,10,2
Switchblade,0,1989-11-30,1989,11,30
Cloudpunk,1,2020-10-15,2020,10,15
FIFA 19,1,2018-09-28,2018,9,28
Disaster Report 4: Summer Memories,0,2020-04-21,2020,4,21
Way of the Passive Fist,1,2018-03-06,2018,3,6
Alchemist's Castle,0,2018-03-27,2018,3,27
BATTLE GAREGGA REV.2016,1,2016-12-12,2016,12,12
Wild Turkey Hunter,0,2018-01-24,2018,1,24
FIFA 20,1,2019-09-27,2019,9,27
Mega Man 11,1,2018-10-02,2018,10,2
Fill-a-Pix: Phil's Epic Adventure,0,2018-07-24,2018,7,24
Mortal Kombat 11,1,2019-04-23,2019,4,23
RAID: WORLD WAR II,1,2017-10-13,2017,10,13
Heavy Fire: Red Shadow,0,2018-10-16,2018,10,16
Destiny,1,2014-09-09,2014,9,9
Electronauts,0,2018-08-07,2018,8,7
GOD EATER 3,0,2019-02-08,2019,2,8
Torchlight II,1,2019-09-03,2019,9,3
Hotline Miami,0,2014-08-20,2014,8,20
Arcade Islands: Volume One,0,2018-09-07,2018,9,7
Mutazione,0,2021-05-26,2021,5,26
Catastronauts,1,2018-09-28,2018,9,28
Nightmares from the Deep 3: Davy Jones,1,2018-02-02,2018,2,2
Black Desert,1,2018-01-07,2018,1,7
No Man's Sky,0,2018-07-24,2018,7,24
IRON CRYPTICLE,0,2017-07-12,2017,7,12
Harvest Moon: Mad Dash,0,2020-08-21,2020,8,21
Chronos: Before the Ashes,1,2020-12-01,2020,12,1
"Penn & Teller VR: F U, U, U, & U",0,2018-05-17,2018,5,17
Time Carnage,1,2017-05-15,2017,5,15
Planet Coaster Console Edition,1,2020-11-24,2020,11,24
Age of Wonders: Planetfall,1,2019-08-06,2019,8,6
Spacebase Startopia,1,2021-03-26,2021,3,26
Dragon Sinker: Descendants of Legend,0,2020-01-08,2020,1,8
Garfield Kart: Furious Racing,1,2019-11-07,2019,11,7
Assassin's Creed III Remastered ,1,2019-03-29,2019,3,29
The Grand Tour Game,1,2019-01-15,2019,1,15
Fishing Sim World,1,2018-08-16,2018,8,16
Downward Spiral: Horus Station,0,2018-12-31,2018,12,31
League of War: VR Arena,0,2017-11-07,2017,11,7
NBA 2K Playgrounds 2,1,2018-10-16,2018,10,16
Super Kids Racing,0,2018-02-16,2018,2,16
Gorogoa,0,2018-05-22,2018,5,22
Raining Coins,0,2014-11-22,2014,11,22
Aquanox Deep Descent,1,2020-10-15,2020,10,15
DISSIDIA FINAL FANTASY NT Standard Edition,0,2018-01-30,2018,1,30
8-Bit Invaders!,0,2019-02-26,2019,2,26
Albert & Otto,1,2018-01-10,2018,1,10
Ys IX: Monstrum Nox,0,2021-02-12,2021,2,12
WRC 8 FIA World Rally Championship,1,2019-09-10,2019,9,10
Predator: Hunting Grounds,0,2020-04-24,2020,4,24
Los Sims™ 4 Dias de Universidad,1,2014-09-02,2014,9,2
StarDrone,0,2018-01-17,2018,1,17
FOX N FORESTS,1,2018-05-30,2018,5,30
Katamari Damacy REROLL,1,2020-11-20,2020,11,20
One Step From Eden,0,2021-11-11,2021,11,11
Freedom Planet,0,2017-03-21,2017,3,21
Fe,1,2018-02-16,2018,2,16
Mercenary Kings,0,2014-04-02,2014,4,2
STAR OCEAN - THE LAST HOPE - International 4k & Full HD Remaster,0,2017-11-28,2017,11,28
SYREN,0,2017-02-16,2017,2,16
Schacht,0,2017-02-27,2017,2,27
Bubble Bobble 4 Friends: The Baron is Back!,0,2020-11-17,2020,11,17
The Banner Saga,1,2018-07-26,2018,7,26
Axis Football 2018,1,2019-04-11,2019,4,11
Dragon Quest Builders 2,0,2021-05-04,2021,5,4
Octahedron,1,2018-03-20,2018,3,20
Car Mechanic Simulator,1,2019-06-25,2019,6,25
Pinstripe,1,2018-02-14,2018,2,14
ZONE OF THE ENDERS: THE 2nd RUNNER - M?RS ,0,2018-09-06,2018,9,6
Away: Journey to the Unexpected,1,2019-02-08,2019,2,8
Conception PLUS: Maidens of the Twelve Stars,0,2019-11-08,2019,11,8
Clustertruck,1,2016-09-30,2016,9,30
Disco Dodgeball Remix,1,2018-05-22,2018,5,22
Minecraft Dungeons,1,2020-05-26,2020,5,26
Cosmic Star Heroine,0,2017-04-18,2017,4,18
The Last Remnant Remastered,0,2018-12-06,2018,12,6
ICEY,0,2017-08-08,2017,8,8
SNK 40th Anniversary Collection,0,2019-05-03,2019,5,3
Omega Labyrinth Z,0,2017-07-06,2017,7,6
GRIP,1,2018-11-06,2018,11,6
Burnout Paradise Remastered,1,2018-03-16,2018,3,16
Die for Valhalla!,0,2018-05-30,2018,5,30
SWORD ART ONLINE Alicization Lycoris,1,2020-08-14,2020,8,14
forma.8,0,2017-02-23,2017,2,23
Stifled,0,2017-10-31,2017,10,31
Just Dance 2018,1,2017-10-26,2017,10,26
Project CARS 3,1,2020-08-28,2020,8,28
ACE COMBAT™ 7: SKIES UNKNOWN,1,2019-01-18,2019,1,18
Circuits,1,2014-04-17,2014,4,17
Shakedown: Hawaii,0,2020-08-20,2020,8,20
Magic Knight Grand Charion,0,2018-05-15,2018,5,15
Oure,0,2017-10-30,2017,10,30
Fallen Legion: Sins of an Empire,0,2017-07-18,2017,7,18
Raging Justice,1,2018-05-08,2018,5,8
Welcome to Hanwell,0,2018-05-14,2018,5,14
Gravity Ghost: Deluxe Edition,0,2019-08-06,2019,8,6
Valkyria Chronicles 4,1,2018-09-25,2018,9,25
CrossCode,0,2020-07-09,2020,7,9
Who Wants to Be a Millionaire?,1,2020-10-29,2020,10,29
The LEGO Ninjago Movie Video Game,1,2017-09-22,2017,9,22
PitterPot,0,2018-09-25,2018,9,25
Super Street:The Game,1,2016-12-29,2016,12,29
The Golf Club 2019 Featuring the PGA TOUR,1,2018-08-28,2018,8,28
The Bard's Tale IV: Barrows Deep,1,2018-09-18,2018,9,18
Hex Tunnel Touch,0,2018-05-01,2018,5,1
Hidden Agenda,0,2017-11-22,2017,11,22
London Detective Mysteria,0,2018-09-25,2018,9,25
Tour de France 2018,1,2018-06-28,2018,6,28
Santa's Xmas Adventure,0,2020-10-29,2020,10,29
Kandagawa Jet Girls,0,2020-08-25,2020,8,25
Think of the Children ,1,2018-09-26,2018,9,26
Xenon Racer,1,2019-03-26,2019,3,26
Mahjong World Contest,0,2017-09-28,2017,9,28
Daymare: 1998,0,2020-04-28,2020,4,28
A-Train Express,0,2017-12-21,2017,12,21
Sniper Ghost Warrior Contracts,1,2020-04-28,2020,4,28
Starlit Adventures,0,2018-05-17,2018,5,17
Fade to Silence,1,2019-04-30,2019,4,30
Lifeless Planet: Premier Edition,0,2015-05-13,2015,5,13
Remothered: Broken Porcelain,1,2020-10-13,2020,10,13
The Walking Dead: The Complete First Season,1,2014-10-14,2014,10,14
Super Meat Boy,0,2010-10-20,2010,10,20
Koihime Enbu RyoRaiRai,0,2018-07-12,2018,7,12
Shoppe Keep,1,2018-03-02,2018,3,2
Emily Wants to Play Too,0,2018-04-25,2018,4,25
Alteric,1,2018-03-30,2018,3,30
Tennis World Tour,1,2018-05-22,2018,5,22
Demon Gaze II,0,2017-11-17,2017,11,17
SpongeBob SquarePants: Battle for Bikini Bottom - Rehydrated,1,2020-06-23,2020,6,23
Just Dance 2021,1,2020-11-12,2020,11,12
F1 2019,1,2019-06-28,2019,6,28
Metropolis: Lux Obscura,1,2018-04-04,2018,4,4
Youtubers Life,1,2017-02-02,2017,2,2
Steven Universe: Save the Light!,1,2017-12-19,2017,12,19
Descent ,1,1995-03-17,1995,3,17
Genesis Alpha One,1,2019-01-29,2019,1,29
Deer Hunter: Reloaded,1,2017-10-24,2017,10,24
Trailblazers,1,2018-05-08,2018,5,8
eFootball PES 2020,1,2019-09-10,2019,9,10
Carnival Games,1,2018-11-06,2018,11,6
Arcade Archives 10-Yard Fight,0,2018-05-02,2018,5,2
Worms Battlegrounds,1,2019-10-17,2019,10,17
Dragonfly Chronicles,0,2018-08-10,2018,8,10
House Flipper,1,2020-02-25,2020,2,25
Project LUX,0,2017-03-30,2017,3,30
Airport Simulator 2019,0,2018-08-15,2018,8,15
Dream Angling,0,2018-04-27,2018,4,27
Peaky Blinders: Mastermind,1,2020-08-20,2020,8,20
The Mooseman,1,2018-07-18,2018,7,18
The Door,0,2016-09-12,2016,9,12
Sniper Ghost Warrior Contracts 2,1,2021-06-04,2021,6,4
Fallout Shelter,0,2015-06-15,2015,6,15
OLIJA,0,2021-01-28,2021,1,28
John Wick Hex,1,2020-12-04,2020,12,4
Shantae and the Seven Sirens,0,2020-05-28,2020,5,28
BugsBox VR,0,2020-11-12,2020,11,12
Freedom Finger,0,2020-03-24,2020,3,24
Minit,1,2018-04-03,2018,4,3
Just Cause 4,1,2018-12-04,2018,12,4
Preta: Vendetta Rising,0,2018-03-29,2018,3,29
NHL 21 Great Eight Edition,1,2020-10-16,2020,10,16
NieR: Automata Game of the YoRHa Edition,0,2019-02-26,2019,2,26
Transistor,0,2014-05-21,2014,5,21
Perfect Angle,0,2018-02-28,2018,2,28
Call of Duty®: WWII,1,2017-11-03,2017,11,3
ACA NEOGEO Money Puzzle Exchanger,1,2018-06-28,2018,6,28
Tiles,0,2017-03-20,2017,3,20
Unearthing Mars2,0,2016-10-21,2016,10,21
Razed,1,2018-10-15,2018,10,15
The First Tree,1,2018-11-30,2018,11,30
ATOMINE,0,2018-06-26,2018,6,26
JYDGE,0,2017-10-03,2017,10,3
Chronus Arc,0,2019-05-22,2019,5,22
Control,1,2019-08-27,2019,8,27
EA Sports UFC3,1,2018-02-02,2018,2,2
Bloodstained:  Ritual of the Night,1,2019-06-18,2019,6,18
Subnautica,1,2021-05-14,2021,5,14
The Wizards,0,2017-07-28,2017,7,28
Constructor Plus,0,2019-09-25,2019,9,25
Volume,0,2015-08-18,2015,8,18
Kerbal Space Program,0,2018-01-16,2018,1,16
Darksiders Genesis,1,2020-02-14,2020,2,14
Thumper,0,2016-10-13,2016,10,13
X-Morph: Defense,1,2017-08-30,2017,8,30
Moonfall Ultimate,0,2018-09-05,2018,9,5
Supermarket Shriek,0,2020-10-23,2020,10,23
Rogue Aces,0,2018-04-12,2018,4,12
ACA NEOGEO MAGICAL DROP III,1,2018-06-06,2018,6,6
PIPE,0,2018-10-16,2018,10,16
Skully,1,2020-08-04,2020,8,4
Dead Cells,0,2018-08-07,2018,8,7
Yakuza: Like a Dragon,1,2020-11-10,2020,11,10
Blazing Chrome,0,2019-07-11,2019,7,11
Velocity 2X,0,2015-08-19,2015,8,19
Super GunWorld 2,0,2017-02-07,2017,2,7
RollerCoaster Legends,0,2017-12-21,2017,12,21
Minotaur Arcade Vol. 1,0,2014-12-29,2014,12,29
Asdivine Dios,0,2021-05-12,2021,5,12
Zeus Quest Remastered,0,2016-06-19,2016,6,19
Dragon's Lair Trilogy,0,2019-05-17,2019,5,17
WWE 2K18,1,2017-10-17,2017,10,17
The LEGO Movie 2 Videogame,1,2019-02-26,2019,2,26
Cruz Brothers,0,2020-02-05,2020,2,5
NHL 21,1,2020-10-16,2020,10,16
Sonic Forces,1,2017-11-07,2017,11,7
Catherine: Full Body,0,2019-09-03,2019,9,3
Worms Rumble,0,2021-06-23,2021,6,23
Happy Drummer VR,0,2017-12-21,2017,12,21
Absolute Drift: Zen Edition,0,2017-08-24,2017,8,24
WWE 2K19,1,2018-10-09,2018,10,9
Fernz Gate,0,2018-08-15,2018,8,15
MY HERO ONE'S JUSTICE,1,2020-04-17,2020,4,17
The Gardens Between,0,2018-09-20,2018,9,20
Five Nights at Freddy's: Help Wanted,0,2020-10-30,2020,10,30
Gravel,1,2018-02-27,2018,2,27
Butter & Friends: Babysitter Sim,0,2019-12-25,2019,12,25
Darksiders 3,1,2018-11-27,2018,11,27
This Is the Police 2,1,2018-09-25,2018,9,25
Etherborn,0,2019-07-18,2019,7,18
Oh My Godheads,0,2017-12-05,2017,12,5
Space Channel 5 VR Kinda Funky News Flash!,0,2020-02-25,2020,2,25
SOULCALIBUR VI,1,2018-10-19,2018,10,19
No Man's Sky: Beyond,0,2018-07-24,2018,7,24
Ghost Giant,0,2019-04-16,2019,4,16
Race with Ryan Road Trip Deluxe Edition,1,2020-10-16,2020,10,16
Super Neptunia RPG,0,2019-06-28,2019,6,28
The Sims™ 4 Seasons,1,2018-11-13,2018,11,13
Masters of Anima,1,2018-04-10,2018,4,10
ACA NEOGEO GHOST PILOTS,1,2018-04-26,2018,4,26
Manifest 99,0,2017-09-12,2017,9,12
Iconoclasts,0,2020-01-23,2020,1,23
Tempest 4000,1,2018-07-17,2018,7,17
Frost ,0,2016-07-05,2016,7,5
Batman: The Enemy Within - Episode 5: Same Stitch,0,2018-03-27,2018,3,27
Hyper Jam,0,2019-02-12,2019,2,12
ACA NEOGEO SUPER SIDEKICKS 2,1,2018-05-10,2018,5,10
Mecho Tales,0,2017-09-19,2017,9,19
Ben 10: Power Trip,1,2020-10-09,2020,10,9
Tony Stewart's All-American Racing / Tony Stewart's Sprint Car Racing (Bundle),1,2020-09-04,2020,9,4
Mega Party: A Tootuff Adventure,1,2019-11-21,2019,11,21
CROSSING SOULS,0,2018-02-13,2018,2,13
Space Hulk: Tactics,1,2018-10-09,2018,10,9
Riverbond,0,2019-06-09,2019,6,9
City of Brass,1,2018-05-04,2018,5,4
Rocketbirds 2 Evolution,0,2016-04-26,2016,4,26
Survive! Mr.CUBE (US Ver.),0,2018-04-26,2018,4,26
Double Dragon 4,0,2020-06-11,2020,6,11
Feral Fury ,1,2016-10-05,2016,10,5
Mighty Switch Force! Collection,1,2019-07-25,2019,7,25
The 25th Ward: The Silver Case,0,2018-03-26,2018,3,26
NOBUNAGA'S AMBITION: Taishi,0,2017-11-30,2017,11,30
Pizza Titan Ultra,0,2018-09-26,2018,9,26
STAR WARS™ Jedi Knight II - Jedi Outcast™,0,2019-09-24,2019,9,24
Flynn and Freckles,0,2018-05-16,2018,5,16
Close to the Sun,1,2019-10-29,2019,10,29
Sneaky Bears,0,2017-08-29,2017,8,29
Little Town Hero,0,2020-06-22,2020,6,22
EVERSPACE™ - Encounters,0,2018-05-11,2018,5,11
Shadowgate,0,2014-08-20,2014,8,20
3D MiniGolf,0,2015-05-29,2015,5,29
Street Power Game,1,2020-08-25,2020,8,25
Super Bomberman R,1,2018-06-12,2018,6,12
Kill The Bad Guy,0,2017-01-31,2017,1,31
Gotcha Racing 2nd,0,2018-07-19,2018,7,19
Blair Witch,1,2019-12-03,2019,12,3
MX vs ATV All Out 2020 Pro Nationals Edition,1,2018-03-23,2018,3,23
Arcade Archives ELEVATOR ACTION,0,2017-11-23,2017,11,23
Power Rangers: Battle for the Grid - Collector's Edition,1,2019-03-26,2019,3,26
Plants vs. Zombies: La Batalla Por Neighborville,1,2019-10-18,2019,10,18
Tennis World Tour 2,1,2020-09-22,2020,9,22
Frantics,0,2018-03-07,2018,3,7
Taiko no Tatsujin: Drum Session!,0,2018-11-02,2018,11,2
Override 2: Super Mech League – Ultraman Deluxe Edition,1,2020-12-22,2020,12,22
Absolver,1,2019-01-07,2019,1,7
World War Z,1,2020-05-05,2020,5,5
Valthirian Arc: Hero School Story,0,2018-09-28,2018,9,28
Marvel's Iron Man VR,0,2020-07-03,2020,7,3
The Escapists,1,2019-10-17,2019,10,17
American Ninja Warrior: Challenge ,1,2019-03-19,2019,3,19
Pipe Push Paradise ,0,2018-01-19,2018,1,19
Nioh 2,0,2021-02-05,2021,2,5
The Inner World,1,2017-03-31,2017,3,31
BoxVR,0,2017-06-13,2017,6,13
The Elder Scrolls Online: Summerset,1,2018-06-05,2018,6,5
Volgarr The Viking,0,2014-10-31,2014,10,31
Black Desert Prestige Edition,1,2020-12-02,2020,12,2
Attack on Titan 2,1,2018-03-14,2018,3,14
Children of Morta,1,2019-10-15,2019,10,15
Ruined King: A League of Legends Story,1,2021-11-16,2021,11,16
Fallout 76: Steel Dawn,1,2020-11-24,2020,11,24
CAT Interstellar,0,2015-08-28,2015,8,28
Tom Clancy's Rainbow Six Siege: Advanced Edition,1,2018-02-13,2018,2,13
THE KING OF FIGHTERS™ COLLECTION: THE OROCHI SAGA,0,2008-12-08,2008,12,8
Los Sims™ 4 Vida Isleña,1,2014-09-02,2014,9,2
Azure Striker GUNVOLT: STRIKER PACK,0,2020-04-22,2020,4,22
Dead Secret,0,2018-04-24,2018,4,24
IKARUGA,0,2008-04-09,2008,4,9
Killing Floor: Incursion ,0,2018-05-01,2018,5,1
Pierhead Arcade,0,2016-09-21,2016,9,21
Anima: Gate of Memories -The Nameless Chronicles,1,2018-06-19,2018,6,19
Attack of the Earthlings,1,2019-03-05,2019,3,5
My Universe : School teacher,1,2020-11-03,2020,11,3
The Outer Worlds,1,2019-10-25,2019,10,25
Life is Strange 2 Complete Season,1,2018-09-26,2018,9,26
Bubsy: Paws On Fire!,0,2019-05-16,2019,5,16
Castlevania Requiem: Symphony of the Night & Rondo of Blood,0,2018-10-26,2018,10,26
Ruiner,0,2017-09-26,2017,9,26
MLB The Show 18,0,2018-03-27,2018,3,27
My Universe - Pet Clinic Cats and Dogs,0,2021-02-09,2021,2,9
Minecraft: Story Mode - Season Two - Episode 4: Below the Bedrock,1,2017-11-07,2017,11,7
Wallachia: Reign of Dracula,0,2021-10-02,2021,10,2
Floor Plan,0,2018-03-20,2018,3,20
Wailing Heights,1,2018-08-15,2018,8,15
Wattam,0,2019-12-17,2019,12,17
ESPER,0,2018-06-29,2018,6,29
FIVE NIGHTS AT FREDDY'S: HELP WANTED,0,2020-10-30,2020,10,30
RICK AND MORTY: VIRTUAL RICK-ALITY ,0,2017-04-20,2017,4,20
Just Dance 2020,1,2019-11-05,2019,11,5
Space Invaders Forever,0,2020-12-01,2020,12,1
Steep: Winter Games Edition,1,2017-12-05,2017,12,5
Rocket Arena,1,2020-07-14,2020,7,14
Knights and Bikes,0,2020-11-05,2020,11,5
Override: Mech City Brawl,1,2018-12-04,2018,12,4
Crypt of the NecroDancer,1,2017-02-10,2017,2,10
ACA NEOGEO Gururin,1,2018-04-12,2018,4,12
Pool Nation,0,2019-07-09,2019,7,9
PixARK,1,2019-05-31,2019,5,31
Yakuza 5,0,2015-12-08,2015,12,8
LIGHTFIELD,1,2017-09-25,2017,9,25
A Plague Tale : Innocence,1,2019-05-14,2019,5,14
Chicken Assassin: Reloaded,0,2018-07-17,2018,7,17
Hob,0,2017-09-26,2017,9,26
Revenant Dogma,0,2018-09-12,2018,9,12
The Sims™ 4 Star Wars™: Journey to Batuu,1,2020-09-08,2020,9,8
Inertial Drift,0,2020-09-30,2020,9,30
The Last of Us Part II,0,2020-06-19,2020,6,19
Dragon Sinker,0,2020-01-08,2020,1,8
Crayola Scoot,1,2018-10-23,2018,10,23
The Lord of the Rings Living Card Game,0,2019-04-30,2019,4,30
League of Evil,0,2018-09-19,2018,9,19
Marvel's Spider-Man: Game of the Year Edition,0,2019-08-28,2019,8,28
Island Time,0,2021-04-07,2021,4,7
Red Dead Redemption 2,1,2018-10-26,2018,10,26
Pig Eat Ball,0,2019-10-18,2019,10,18
CONTRA ROGUE CORPS,1,2019-09-24,2019,9,24
The Walking Dead: Saints & Sinners - Complete Edition,0,2020-01-23,2020,1,23
Mages of Mystralia,0,2017-08-22,2017,8,22
Alone With You,0,2016-08-23,2016,8,23
8 To Glory,1,2018-07-31,2018,7,31
Tokyo Xanadu eX+,0,2017-12-08,2017,12,8
FINAL FANTASY XV ROYAL EDITION,1,2018-03-06,2018,3,6
Firefighters: Plant Fire Department,0,2017-11-30,2017,11,30
Ghost of a Tale,1,2018-03-13,2018,3,13
Achtung! Cthulhu Tactics,1,2018-11-21,2018,11,21
Warhammer: Chaosbane,1,2019-05-31,2019,5,31
MY HERO ONE'S JUSTICE 2,1,2020-04-17,2020,4,17
ONRUSH,1,2018-06-05,2018,6,5
Fishing Sim World: Pro Tour Collector's Edition,1,2020-04-14,2020,4,14
Windjammers,0,2017-08-29,2017,8,29
ACA NEOGEO METAL SLUG X,1,2017-10-05,2017,10,5
Utawarerumono: ZAN,0,2019-09-10,2019,9,10
Destiny 2: New Light,1,2017-09-06,2017,9,6
Star Wars Jedi Knight: Jedi Academy,0,2020-03-26,2020,3,26
The Sims™ 4 Kids Room Stuff,1,2018-06-19,2018,6,19
Outer Wilds,0,2019-10-15,2019,10,15
FATAL FURY™ BATTLE ARCHIVES VOL.2,0,2017-03-27,2017,3,27
Raging Loop,0,2019-10-22,2019,10,22
ACA NEOGEO THE KING OF FIGHTERS '99,1,2018-04-05,2018,4,5
Death's Gambit,0,2020-02-12,2020,2,12
The Legend of Heroes: Trails of Cold Steel III,0,2019-10-29,2019,10,29
Space Hulk: Deathwing - Enhanced Edition,1,2018-05-22,2018,5,22
Damascus Gear: Operation Osaka ,0,2018-03-06,2018,3,6
Real Heroes: Firefighter,0,2020-02-25,2020,2,25
THE MIDNIGHT SANCTUARY,0,2018-10-04,2018,10,4
Arcade Archives ARGUS,0,2018-08-30,2018,8,30
Hand of the Gods: SMITE Tactics,1,2018-02-20,2018,2,20
Hungry Shark World,1,2018-07-17,2018,7,17
The Catch: Carp & Coarse,1,2020-06-30,2020,6,30
Haimrik,1,2018-06-06,2018,6,6
Immortal Realms: Vampire Wars,1,2020-08-28,2020,8,28
Race with Ryan,1,2019-11-01,2019,11,1
Shenmue I & II,1,2018-11-22,2018,11,22
Disney Classic Games: Aladdin and The Lion King,1,2019-10-25,2019,10,25
Mafia: Definitive Edition,1,2020-09-24,2020,9,24
Banner Saga 3,1,2018-07-26,2018,7,26
Super Mega Baseball 2,1,2018-05-01,2018,5,1
Rogue Trooper Redux,1,2017-10-17,2017,10,17
Beat Saber,0,2018-05-01,2018,5,1
Blightbound,1,2021-07-27,2021,7,27
LEGO Marvel Super Heroes 2,1,2017-11-14,2017,11,14
Shadows of Adam,0,2021-06-15,2021,6,15
AeternoBlade II,0,2019-10-11,2019,10,11
The Sims™ 4 Nifty Knitting,1,2020-07-28,2020,7,28
Siralim,0,2015-04-24,2015,4,24
ADK DAMASHII,0,2017-03-01,2017,3,1
Ticket to Ride,0,2008-06-25,2008,6,25
Madden NFL 20,1,2019-08-02,2019,8,2
Speed 3: Grand Prix,0,2020-11-06,2020,11,6
Dungeon Rushers,1,2018-05-25,2018,5,25
Assassin's Creed Odyssey ,1,2020-11-12,2020,11,12
Wordhunters,0,2018-11-14,2018,11,14
PAW Patrol: On A Roll!,1,2018-10-23,2018,10,23
Monster Energy Supercross - The Official Videogame,1,2018-02-13,2018,2,13
13 Sentinels: Aegis Rim,0,2020-09-08,2020,9,8
FINAL FANTASY XV POCKET EDITION HD,1,2018-09-06,2018,9,6
TOKYO GHOUL:re CALL to EXIST,0,2019-11-15,2019,11,15
Rain World ,0,2017-03-28,2017,3,28
Project Nimbus: CODE MIRAI,0,2018-05-14,2018,5,14
Sigi - A Fart for Melusina,0,2018-09-07,2018,9,7
Yakuza 4,0,2010-03-18,2010,3,18
Castlevania Anniversary Collection,1,2019-05-16,2019,5,16
Immortal: Unchained,1,2018-09-07,2018,9,7
Defenders of Ekron - Definitive Edition,1,2018-08-07,2018,8,7
Pro Fishing Simulator,1,2018-11-29,2018,11,29
DOOM VFR,0,2017-12-01,2017,12,1
Shift Quantum,1,2018-05-30,2018,5,30
Burly Men at Sea,0,2017-09-19,2017,9,19
Chicken Range,0,2018-06-29,2018,6,29
VRog,0,2017-09-26,2017,9,26
Bastion,0,2011-07-20,2011,7,20
Just Deal With It!,0,2018-11-13,2018,11,13
36 Fragments of Midnight,0,2017-12-19,2017,12,19
Dungreed,0,2020-10-27,2020,10,27
DEAD OR ALIVE 6: Core Fighters,1,2019-03-01,2019,3,1
ACA NEOGEO THE LAST BLADE 2,1,2018-02-15,2018,2,15
Biped,1,2020-09-18,2020,9,18
ACA NEOGEO PREHISTORIC ISLE 2,1,2018-08-02,2018,8,2
Armello,1,2016-08-30,2016,8,30
The Council - Episode 3 - Ripples ,0,2018-07-26,2018,7,26
Life is Strange: Before the Storm Episode 1,1,2017-08-31,2017,8,31
ACA NEOGEO METAL SLUG 3,1,2017-12-21,2017,12,21
Knockout League,0,2018-03-08,2018,3,8
Minefield,0,2018-03-21,2018,3,21
The Sims™ 4 Toddler Stuff,1,2018-05-22,2018,5,22
Call of Duty®: Modern Warfare 2 Campaign Remastered,1,2020-03-31,2020,3,31
Ys: Memories of Celceta,0,2012-09-27,2012,9,27
DCL - The Game,1,2020-02-19,2020,2,19
Owlboy,1,2018-04-10,2018,4,10
VRobot,0,2017-04-20,2017,4,20
Hero Defense,1,2018-08-16,2018,8,16
Flight of Light,0,2017-08-03,2017,8,3
FINAL FANTASY IX,0,2019-02-13,2019,2,13
GRID,1,2019-10-11,2019,10,11
8-bit Adventure Anthology: Volume I,0,2017-10-31,2017,10,31
METAL SLUG XX,0,2018-05-29,2018,5,29
Citadel: Forged with Fire,1,2019-11-01,2019,11,1
Call of Duty: Warzone,1,2020-03-10,2020,3,10
My Baby,1,2016-01-26,2016,1,26
DOOM 64,1,2020-03-20,2020,3,20
JUMP FORCE,1,2019-02-15,2019,2,15
Light Tracer,0,2017-09-26,2017,9,26
Epic Dumpster Bear,0,2020-06-09,2020,6,9
Let's Create! Pottery VR,0,2020-06-12,2020,6,12
Destiny: The Taken King,1,2015-09-15,2015,9,15
"Haunted Dungeons ""Hyakki Castle""",0,2018-08-30,2018,8,30
LEGO The Incredibles,1,2018-07-13,2018,7,13
Gunvolt Chronicles: Luminous Avenger iX,0,2019-09-26,2019,9,26
God of War,0,2018-04-20,2018,4,20
Hand of Fate 2,0,2018-12-01,2018,12,1
Assassin's Creed Origins ,1,2017-10-27,2017,10,27
Maize,1,2017-09-12,2017,9,12
Assassin's Creed Rogue Remastered,0,2018-03-20,2018,3,20
Just Dance 2019,1,2018-10-25,2018,10,25
Invector,0,2019-12-10,2019,12,10
CODE VEIN,1,2020-02-26,2020,2,26
Untitled Goose Game,0,2019-12-17,2019,12,17
DJMAX RESPECT,0,2018-03-06,2018,3,6
Black Mirror,1,2017-11-28,2017,11,28
NBA 2K20,1,2019-09-06,2019,9,6
Far Cry 3 Classic Edition,1,2018-06-26,2018,6,26
Trollhunters Defenders of Arcadia,1,2020-09-25,2020,9,25
Skelattack,1,2020-06-02,2020,6,2
Jolt Family Robot Racer,0,2018-03-06,2018,3,6
TRANSFORMERS:BATTLEGROUNDS,1,2020-10-23,2020,10,23
Super Pixel Racers ,0,2018-10-31,2018,10,31
ACA NEOGEO SAMURAI SHODOWN V,1,2018-07-05,2018,7,5
Blasphemous,1,2019-09-10,2019,9,10
Pirate Flight (VR),0,2018-04-30,2018,4,30
Earthfall,1,2018-07-13,2018,7,13
White Noise 2,1,2017-09-01,2017,9,1
GRIS,0,2019-11-26,2019,11,26
Dead Land,0,2018-04-03,2018,4,3
The Council,1,2018-03-13,2018,3,13
CLANNAD,0,2015-11-23,2015,11,23
Ben 10,1,2012-11-30,2012,11,30
Arcade Archives HEROIC EPISODE,0,2019-02-26,2019,2,26
Subaeria,1,2018-04-24,2018,4,24
The Legend of Heroes: Trails of Cold Steel ,0,2019-03-26,2019,3,26
Knights of Valour,0,2017-11-16,2017,11,16
TINY METAL,0,2017-12-21,2017,12,21
Rage Room,0,2017-12-25,2017,12,25
Under Night In-Birth Exe:Late[st] ,0,2018-02-09,2018,2,9
Vegas Party,1,2018-09-28,2018,9,28
Secret of Mana,0,2018-02-15,2018,2,15
The End is Nigh,0,2019-04-29,2019,4,29
Forgotton Anne,0,2018-05-15,2018,5,15
Train Sim World®2,1,2017-03-16,2017,3,16
Treadnauts,1,2018-08-17,2018,8,17
Seek Hearts,0,2019-12-03,2019,12,3
Slayaway Camp,1,2017-10-23,2017,10,23
"WARHAMMER 40,000 : DEATHWATCH",0,2015-10-16,2015,10,16
Another World - 20th Anniversary Edition,0,2014-07-08,2014,7,8
SuperEpic: The Entertainment War,0,2019-12-12,2019,12,12
Damascus Gear Operation Osaka HD Edition,0,2018-03-06,2018,3,6
Pillars of Eternity II: Deadfire,1,2020-01-28,2020,1,28
Spyro™ Reignited Trilogy,1,2018-11-13,2018,11,13
Inception VR,0,2017-02-23,2017,2,23
Ghostbusters: The Video Game Remastered,1,2019-10-04,2019,10,4
The Pathless,0,2020-11-12,2020,11,12
Bulb Boy,1,2017-10-06,2017,10,6
Indivisible,1,2019-10-07,2019,10,7
NHL 19,1,2018-09-14,2018,9,14
Is It Wrong to Try to Pick Up Girls in a Dungeon? Familia Myth Infinite Combate,0,2020-08-11,2020,8,11
VR Karts,0,2015-04-17,2015,4,17
The Rabbit Hole,0,2016-10-11,2016,10,11
We Sing Pop,1,2017-10-24,2017,10,24
Blasters of the Universe,0,2018-02-27,2018,2,27
Apex Legends - Pathfinder Edition,1,2020-05-26,2020,5,26
GAL*GUNVOLT BURST,0,2018-04-13,2018,4,13
The Metronomicon: Slay the Dance Floor,1,2017-08-30,2017,8,30
Abo Khashem,0,2018-02-23,2018,2,23
Space Junkies ,0,2019-03-26,2019,3,26
VR Ping Pong Pro,0,2019-11-12,2019,11,12
South Park: The Stick of Truth,1,2018-02-13,2018,2,13
Bibi & Tina at the Horse Farm,0,2019-10-10,2019,10,10
Guacamelee! 2,0,2019-01-18,2019,1,18
Fishing Master,0,2007-09-18,2007,9,18
Planet Alpha,1,2018-09-04,2018,9,4
Home Sweet Home,0,2007-11-22,2007,11,22
Steel Rats,0,2018-11-07,2018,11,7
Baldur's Gate: Enhanced Edition / Baldur's Gate II: Enhanced Edition,1,2019-10-15,2019,10,15
L.A. Noire,1,2011-07-07,2011,7,7
Immortals Fenyx Rising,1,2020-12-03,2020,12,3
Lumines Remastered,0,2018-06-26,2018,6,26
DEADBOLT,0,2016-03-13,2016,3,13
Utawarerumono: Prelude to the Fallen,0,2020-05-29,2020,5,29
Dynasty Warriors 9 Special Scenario Edition,1,2018-02-08,2018,2,8
The Inpatient,0,2017-11-21,2017,11,21
Last Day of June,0,2017-08-31,2017,8,31
No Heroes Here,0,2018-05-29,2018,5,29
The Council - Episode 4 - Burning Bridges,1,2018-09-25,2018,9,25
Mega Man X Legacy Collection 2,1,2018-07-24,2018,7,24
Decay of Logos,1,2019-08-30,2019,8,30
Old Man's Journey,0,2019-03-04,2019,3,4
Next Up Hero,1,2018-01-11,2018,1,11
Seven: The Days Long Gone,0,2017-11-30,2017,11,30
World of Warriors,0,2014-11-04,2014,11,4
The Journey Down: Chapter One,1,2012-05-18,2012,5,18
Daymare: 1998 Black Edition,0,2019-09-16,2019,9,16
Overwatch Legendary Edition,1,2019-06-20,2019,6,20
Borderlands 2 VR,0,2018-12-14,2018,12,14
fault - milestone one,0,2020-05-22,2020,5,22
Graveyard Keeper,1,2019-06-27,2019,6,27
ACA NEOGEO REAL BOUT FATAL FURY 2,1,2018-03-08,2018,3,8
Rock Boshers DX: Director's Cut,0,2014-12-09,2014,12,9
Cryptract,0,2018-09-25,2018,9,25
Train Sim World,1,2018-07-24,2018,7,24
A Hole New World,0,2017-09-05,2017,9,5
Monkey King Hero is Back,0,2019-10-17,2019,10,17
Aaero,1,2017-04-11,2017,4,11
The Inner World - The Last Wind Monk,1,2017-10-24,2017,10,24
Animal Force,0,2018-07-10,2018,7,10
L.A. Noire: The VR Case Files,0,2017-12-15,2017,12,15
Little Adventure on the Prairie,0,2018-02-21,2018,2,21
Screencheat,0,2016-03-01,2016,3,1
The Sims™ 4 Parenthood,1,2018-06-19,2018,6,19
The Sims™ 4 Spa Day,1,2019-04-18,2019,4,18
RAD,1,2019-08-20,2019,8,20
INSIDE,0,2016-06-28,2016,6,28
Smoke and Sacrifice,1,2019-01-15,2019,1,15
